temperature,warmth
-20,warm
-19,warm
-18,warm
-17,warm
-16,warm
-15,warm
-14,warm
-13,warm
-12,warm
-11,warm
-10,warm
-9,warm
-8,warm
-7,warm
-6,warm
-5,warm
-4,warm
-3,warm
-2,warm
-1,warm
0,warm
1,warm
2,warm
3,warm
4,warm
5,warm
6,warm
7,warm
8,medium
9,medium
10,medium
11,medium
12,medium
13,medium
14,medium
15,medium
16,medium
17,medium
18,medium
19,medium
20,medium
21,light
22,light
23,light
24,light
25,light
26,light
27,light
28,light
29,light
30,light
31,light
32,light
33,light
34,light
35,light
